{
    "train": {
        "box_loss": 3.89257,
        "cls_loss": 3.79199,
        "dfl_loss": 3.87129
    },
    "metrics": {
        "precision(B)": 0.7844855873100836,
        "recall(B)": 0.016584661330199993,
        "mAP50(B)": 0.0055526525708822355,
        "mAP50-95(B)": 0.0013415835945792326
    },
    "val": {
        "box_loss": 3.59118,
        "cls_loss": 3.66548,
        "dfl_loss": 3.8782
    },
    "lr": {
        "pg0": 8.382099999999998e-05,
        "pg1": 8.382099999999998e-05,
        "pg2": 8.382099999999998e-05
    },
    "model": {
        "parameters": 3012603,
        "GFLOPs": 8.203,
        "speed_PyTorch(ms)": 161.641
    },
    "step": 9
}
