step	box_loss
0	4.9246
1	4.81761
2	4.58645
3	4.60457
4	4.30511
5	4.24289
6	4.26163
7	4.15066
8	4.0303
9	3.89257
