step	cls_loss
0	5.00476
1	4.7992
2	4.57748
3	4.45541
4	4.26121
5	4.2371
6	4.0572
7	4.10754
8	3.82888
9	3.79199
