step	dfl_loss
0	4.36099
1	4.27339
2	4.2299
3	4.18484
4	4.08597
5	4.06053
6	3.99311
7	3.96644
8	3.88301
9	3.87129
