step	mAP50-95(B)
0	0.0
1	0.0
2	0.0
3	0.0
4	0.0
5	8e-05
6	0.00134
7	0.00115
8	0.0012
9	0.00133
