step	mAP50(B)
0	0.0
1	0.0
2	0.0
3	0.0
4	0.0
5	0.00037
6	0.00549
7	0.00458
8	0.00463
9	0.00513
