step	precision(B)
0	0.0
1	0.0
2	0.0
3	0.0
4	0.0
5	0.7798
6	0.7845
7	0.78515
8	0.6741
9	0.56318
