step	recall(B)
0	0.0
1	0.0
2	0.0
3	0.0
4	0.0
5	0.00042
6	0.01658
7	0.02009
8	0.02895
9	0.01944
